input_id,layer,relative_path,authority_class,generation_class,expected_bytes,expected_sha256,staging_policy
R0_RAW_TAR,SCIENCE_R0,data/tximport/GSE345645/GSE345645_RAW.tar,PUBLIC_GEO_INPUT,GENERATION_INPUT,2426050560,62252d1749090ec2c382ddc8402555e35b6c164742deccda6dd3a2b1088f3b4f,HARDLINK_PREFERRED_COPY_FALLBACK
R0_TX2GENE,SCIENCE_R0_R1_R2,data/tximport/GSE345645/GSE345645_transcript_to_gene.csv.gz,PUBLIC_GEO_INPUT,GENERATION_INPUT,2330283,2adf0ac4d4f81fc62d4725962b57b19196418c5d152cb1a8d0c51a85268063f9,COPY_EXACT
R0_COUNTS,SCIENCE_R0,data/processed/GSE345645/GSE345645_gene_counts.csv.gz,PUBLIC_GEO_INPUT,GENERATION_INPUT,13124584,d1740b5890f989797cac9bd28b021a54bccbe9eb022cfd5d5649c7b6d4318ded,COPY_EXACT
R0_SV,SCIENCE_R0,data/processed/GSE345645/GSE345645_subseries1_adult_bulk_surrogate_variables.csv.gz,PUBLIC_GEO_INPUT,GENERATION_INPUT,27122,f0307bbb168a874708e75539135896f2b38804901f0fd3adeee3fdf8b7dd2e27,COPY_EXACT
R0_SOFT,SCIENCE_R0,data/metadata/GSE345645/GSE345645_family.soft.gz,PUBLIC_GEO_INPUT,GENERATION_INPUT,14140,63d5d98bc092f652d49f6d578e85b0b96944bef3f24021b3def33698ad6621e4,COPY_EXACT
R1_XLSX,R1,data/processed/GSE240921/GSE240921_processed-data-human.xlsx,PUBLIC_OFFICIAL_LOCAL_AUTHORITY,GENERATION_INPUT,9035174,a09bd465426c9c4bac112366d2f1de2680f8325f94c71023f97670c7a1b8180d,COPY_EXACT
R1_SOFT,R1,data/metadata/GSE240921/GSE240921_family.soft.gz,PUBLIC_OFFICIAL_LOCAL_AUTHORITY,GENERATION_INPUT,5750,e9bc87e1d44ab47d70ff1ad644e590e4384180ee5c79b0e8fa7898eb70c2f3fa,COPY_EXACT
R2_MATRIX,R2,data/processed/GSE198618/GSE198618_Normalized_Counts_RV_ALL.csv.gz,PUBLIC_GEO_INPUT,GENERATION_INPUT,3611952,941d5060613fa0d5d3472c00259aa3d82df102b81b72e35877aac37b8f452982,COPY_EXACT
R2_SOFT,R2,data/metadata/GSE198618/GSE198618_family.soft.gz,PUBLIC_GEO_INPUT,GENERATION_INPUT,3596,19184cca59654728feb6089ba75e0b3b80fd2ea67e27288386eca5c19a4f9aed,COPY_EXACT
R3_MAIN_MATRIX,R3,data/processed/GSE249696/GSE249696_ext395_rnaseq.txt.gz,PUBLIC_GEO_INPUT,GENERATION_INPUT,3720825,2ac6465ed35a45a8b3b56c30df7e6a0b3dc9469bddd340ad36d92a0eae09a5f2,COPY_EXACT
R3_MAIN_SOFT,R3,data/metadata/GSE249696/GSE249696_family.soft.gz,PUBLIC_GEO_INPUT,GENERATION_INPUT,8199,0a665b13f9e08152ae069a718ef2d28dd91dd422b32a11a7b7926af150593cd7,COPY_EXACT
R3_SAMESITE_MATRIX,R3,data/processed/GSE249694/GSE249694_ext327_rnaseq.txt.gz,PUBLIC_GEO_INPUT,GENERATION_INPUT,1196567,055fba2999b0fec2c6591c9f604c29be33c09e6e05ca325ec22ab9bebf93014d,COPY_EXACT
R3_SAMESITE_SOFT,R3,data/metadata/GSE249694/GSE249694_family.soft.gz,PUBLIC_GEO_INPUT,GENERATION_INPUT,2975,57da261da2512757f989550a6f28b6056b60c11db932a953ec86a8a1456b332e,COPY_EXACT
R3_HEALTHY_MATRIX,R3,data/processed/GSE291508/GSE291508_ext300_rnaseq.txt.gz,PUBLIC_GEO_INPUT,GENERATION_INPUT,1466104,24e8be848f9fcdac5b3f9f35d4cd37b3217760e90dde77d2f72d36b2cba32700,COPY_EXACT
R3_HEALTHY_SOFT,R3,data/metadata/GSE291508/GSE291508_family.soft.gz,PUBLIC_GEO_INPUT,GENERATION_INPUT,3948,e9be124fc2794a363243ee1f729f3cc28a9e87a819ad504351935427dc876e08,COPY_EXACT
NATURE_SUPP,R3,data/authority/GSE249696/44161_2025_672_MOESM3_ESM.xlsx,PUBLIC_PUBLICATION_AUTHORITY,GENERATION_INPUT,66100,539413af8cc8c22de6988b47c58764a6d720b98bf9d5b412740782526f66aaac,COPY_EXACT
NATURE_FIG4,R3,data/authority/GSE249696/44161_2025_672_MOESM6_ESM.xlsx,PUBLIC_PUBLICATION_AUTHORITY,GENERATION_INPUT,22766007,5ab3d64db1bbffaf8546eb46ac9835a9d764c09c1e3916aa123c659db76b4f32,COPY_EXACT
NATURE_FIG5,R3,data/authority/GSE249696/44161_2025_672_MOESM7_ESM.xlsx,PUBLIC_PUBLICATION_AUTHORITY,GENERATION_INPUT,21579215,99fd946dca8c084b9a1d9919ec301347bcd5518cf643483e056813c81e05f2fb,COPY_EXACT
NATURE_ED4,R3,data/authority/GSE249696/44161_2025_672_MOESM12_ESM.xlsx,PUBLIC_PUBLICATION_AUTHORITY,GENERATION_INPUT,15823845,37661b000b8c70e5c720e17b52e62cab4d726f744e3b8167ed682d401b77b218,COPY_EXACT
R3_SNRNA_PROCESSED_RDS,SCIENCE_R3_LOCALIZATION,data/raw/GSE345646/GSE345646_snRV_ref.rds,APPROVED_OFFICIAL_PROCESSED_SOURCE_AUTHORITY,GENERATION_INPUT,3381735778,a5b6b452566bac584c2d62180ef36a360d8e83e64451fb9de7d46779da64bfb1,HARDLINK_PREFERRED_COPY_FALLBACK
R3_XENIUM_PROCESSED_RDS,SCIENCE_R3_LOCALIZATION,data/raw/GSE345643/GSE345643_RV_Xenium_ambient_corrected_568651cells.rds,APPROVED_OFFICIAL_PROCESSED_SOURCE_AUTHORITY,GENERATION_INPUT,170494043,afe397aed68d0b5fa4cf683c1702b86f990df73c14f1e7f82e38c9f61c255a9a,HARDLINK_PREFERRED_COPY_FALLBACK
R3_HALLMARK_GMT_2026_1_HS,SCIENCE_R3_PROGRAM_LOCALIZATION,data/authority/MSigDB/h.all.v2026.1.Hs.symbols.gmt,PUBLIC_FROZEN_REFERENCE_AUTHORITY,GENERATION_INPUT,48686,eecaf6dad908334ae885406ec72bdc0646d8917588ed7c219fac92fc5363f596,COPY_EXACT
