"field","value"
"release_scope","59_CORE_SCIENCE_NODES"
"parent_candidate_sha256","769e4b55d1fc482986a106f93813cccdd2fad5739bfe3d2e33dd9ec4977ca2f5"
"v17_full94_cleanroom_receipt_sha256","0383c600c2184b370fbf9fefb38d663c729e2fb4d0558bf314b26c4763762fbc"
"v15_compact_comparison_closure_sha256","6841d40630bad8ce9ea8025c0959e58d70a5d1a41368c3229aa6470315b7d8a2"
"license","MIT"
"generation_inputs_in_release_zip","0"
"final_figure_renderer_in_scope","NO"
"manuscript_assembly_in_scope","NO"
"validated_full_execution_platform","Windows"
