"full94_sequence","node_id","layer","public_relative_path","public_scope","reason"
"1","C0254","SCIENCE_R0","code/stages/SCIENCE_R0/C0254__C0254__00_download_exact_tximport_inputs.ps1","PUBLIC_CORE_SCIENCE","Core R0-R4 scientific analysis retained for GitHub."
"2","C0262","SCIENCE_R0","code/stages/SCIENCE_R0/C0262__C0262__01_prepare_exact_tximport_v4_LOCAL_RUN.R","PUBLIC_CORE_SCIENCE","Core R0-R4 scientific analysis retained for GitHub."
"3","C0264","SCIENCE_R0","code/stages/SCIENCE_R0/C0264__C0264__02_fit_author_model_v4_LOCAL_RUN.R","PUBLIC_CORE_SCIENCE","Core R0-R4 scientific analysis retained for GitHub."
"4","C0265","SCIENCE_R0","code/stages/SCIENCE_R0/C0265__C0265__02B_beta_convergence_diagnostic_v4_LOCAL_RUN.R","PUBLIC_CORE_SCIENCE","Core R0-R4 scientific analysis retained for GitHub."
"5","C0266","SCIENCE_R0","code/stages/SCIENCE_R0/C0266__C0266__02C_wald_maxit1000_repair_v4_LOCAL_RUN.R","PUBLIC_CORE_SCIENCE","Core R0-R4 scientific analysis retained for GitHub."
"6","C0267","SCIENCE_R0","code/stages/SCIENCE_R0/C0267__C0267__02D_targeted_stability_audit_v4_LOCAL_RUN.R","PUBLIC_CORE_SCIENCE","Core R0-R4 scientific analysis retained for GitHub."
"7","C0269","SCIENCE_R0","code/stages/SCIENCE_R0/C0269__C0269__03A_export_default_results_v4_LOCAL_RUN.R","PUBLIC_CORE_SCIENCE","Core R0-R4 scientific analysis retained for GitHub."
"8","C0270","SCIENCE_R0","code/stages/SCIENCE_R0/C0270__C0270__03B_freeze_primary_inference_universe_v4_LOCAL_RUN.R","PUBLIC_CORE_SCIENCE","Core R0-R4 scientific analysis retained for GitHub."
"9","C0271","SCIENCE_R0","code/stages/SCIENCE_R0/C0271__C0271__03C_ashr_effect_size_v4_LOCAL_RUN.R","PUBLIC_CORE_SCIENCE","Core R0-R4 scientific analysis retained for GitHub."
"10","C0272","SCIENCE_R0","code/stages/SCIENCE_R0/C0272__C0272__03D_final_R0_freeze_v4_LOCAL_RUN.R","PUBLIC_CORE_SCIENCE","Core R0-R4 scientific analysis retained for GitHub."
"11","C0275","SCIENCE_R1","code/stages/SCIENCE_R1/C0275__C0275__00_GSE240921_acquire_preflight_LOCAL_RUN.R","PUBLIC_CORE_SCIENCE","Core R0-R4 scientific analysis retained for GitHub."
"12","C0276","SCIENCE_R1","code/stages/SCIENCE_R1/C0276__C0276__00B_GSE240921_semantic_repair_LOCAL_RUN.R","PUBLIC_CORE_SCIENCE","Core R0-R4 scientific analysis retained for GitHub."
"13","C0277","SCIENCE_R1","code/stages/SCIENCE_R1/C0277__C0277__01_GSE240921_model_contract_prefit_LOCAL_RUN.R","PUBLIC_CORE_SCIENCE","Core R0-R4 scientific analysis retained for GitHub."
"14","C0278","SCIENCE_R1","code/stages/SCIENCE_R1/C0278__C0278__02_GSE240921_primary_model_fit_LOCAL_RUN.R","PUBLIC_CORE_SCIENCE","Core R0-R4 scientific analysis retained for GitHub."
"15","C0279","SCIENCE_R1","code/stages/SCIENCE_R1/C0279__C0279__03A_GSE240921_primary_replication_LOCAL_RUN.R","PUBLIC_CORE_SCIENCE","Core R0-R4 scientific analysis retained for GitHub."
"16","C0280","SCIENCE_R1","code/stages/SCIENCE_R1/C0280__C0280__03B_GSE240921_ashr_effect_size_LOCAL_RUN.R","PUBLIC_CORE_SCIENCE","Core R0-R4 scientific analysis retained for GitHub."
"17","C0281","SCIENCE_R1","code/stages/SCIENCE_R1/C0281__C0281__03C_GSE240921_sex_sensitivity_LOCAL_RUN.R","PUBLIC_CORE_SCIENCE","Core R0-R4 scientific analysis retained for GitHub."
"18","C0283","SCIENCE_R1","code/stages/SCIENCE_R1/C0283__C0283__03D_GSE240921_terminal_freeze_LOCAL_RUN_REPAIRED.R","PUBLIC_CORE_SCIENCE","Core R0-R4 scientific analysis retained for GitHub."
"19","C0284","SCIENCE_R2","code/stages/SCIENCE_R2/C0284__C0284__00_GSE198618_supporting_preflight_LOCAL_RUN.R","PUBLIC_CORE_SCIENCE","Core R0-R4 scientific analysis retained for GitHub."
"20","C0285","SCIENCE_R2","code/stages/SCIENCE_R2/C0285__C0285__01_GSE198618_model_contract_prefit_LOCAL_RUN.R","PUBLIC_CORE_SCIENCE","Core R0-R4 scientific analysis retained for GitHub."
"21","C0286","SCIENCE_R2","code/stages/SCIENCE_R2/C0286__C0286__02_GSE198618_limma_support_LOCAL_RUN.R","PUBLIC_CORE_SCIENCE","Core R0-R4 scientific analysis retained for GitHub."
"22","C0287","SCIENCE_R2","code/stages/SCIENCE_R2/C0287__C0287__03_GSE198618_terminal_freeze_LOCAL_RUN.R","PUBLIC_CORE_SCIENCE","Core R0-R4 scientific analysis retained for GitHub."
"23","C0288","SCIENCE_R3","code/stages/SCIENCE_R3/C0288__C0288__00_GSE249696_unloading_preflight_LOCAL_RUN.R","PUBLIC_CORE_SCIENCE","Core R0-R4 scientific analysis retained for GitHub."
"24","C0289","SCIENCE_R3","code/stages/SCIENCE_R3/C0289__C0289__00B_GSE249696_authority_reconciliation_LOCAL_RUN.R","PUBLIC_CORE_SCIENCE","Core R0-R4 scientific analysis retained for GitHub."
"25","C0290","SCIENCE_R3","code/stages/SCIENCE_R3/C0290__C0290__00C_GSE249694_GSE291508_site_control_preflight_LOCAL_RUN.R","PUBLIC_CORE_SCIENCE","Core R0-R4 scientific analysis retained for GitHub."
"26","C0291","SCIENCE_R3","code/stages/SCIENCE_R3/C0291__C0291__01A_GSE249696_FIG5_source_authority_discovery_LOCAL_RUN.R","PUBLIC_CORE_SCIENCE","Core R0-R4 scientific analysis retained for GitHub."
"27","C0292","SCIENCE_R3","code/stages/SCIENCE_R3/C0292__C0292__01B_GSE249696_FIG5_source_authority_freeze_LOCAL_RUN.R","PUBLIC_CORE_SCIENCE","Core R0-R4 scientific analysis retained for GitHub."
"28","C0293","SCIENCE_R3","code/stages/SCIENCE_R3/C0293__C0293__01C_GSE249696_FIG4_ED4_source_discovery_LOCAL_RUN.R","PUBLIC_CORE_SCIENCE","Core R0-R4 scientific analysis retained for GitHub."
"29","C0294","SCIENCE_R3","code/stages/SCIENCE_R3/C0294__C0294__01D_GSE249696_FIG4_ED4_source_authority_freeze_LOCAL_RUN.R","PUBLIC_CORE_SCIENCE","Core R0-R4 scientific analysis retained for GitHub."
"30","C0295","SCIENCE_R3","code/stages/SCIENCE_R3/C0295__C0295__01E_R3_classification_contract_freeze_LOCAL_RUN.R","PUBLIC_CORE_SCIENCE","Core R0-R4 scientific analysis retained for GitHub."
"31","C0296","SCIENCE_R3","code/stages/SCIENCE_R3/C0296__C0296__02_R3_execute_core_gene_classification_LOCAL_RUN.R","PUBLIC_CORE_SCIENCE","Core R0-R4 scientific analysis retained for GitHub."
"32","C0299","SCIENCE_R3","code/stages/SCIENCE_R3/C0299__C0299__03A_R3_program_input_preflight_LOCAL_RUN_V1_2.R","PUBLIC_CORE_SCIENCE","Core R0-R4 scientific analysis retained for GitHub."
"33","C0301","SCIENCE_R3","code/stages/SCIENCE_R3/C0301__C0301__03B_R3_program_analysis_contract_freeze_LOCAL_RUN_V1_1.R","PUBLIC_CORE_SCIENCE","Core R0-R4 scientific analysis retained for GitHub."
"34","C0302","SCIENCE_R3","code/stages/SCIENCE_R3/C0302__C0302__03C_R3_HALLMARK_fgsea_source_identity_freeze_LOCAL_RUN.R","PUBLIC_CORE_SCIENCE","Core R0-R4 scientific analysis retained for GitHub."
"35","C0304","SCIENCE_R3","code/stages/SCIENCE_R3/C0304__C0304__03D_R3_deterministic_program_execution_LOCAL_RUN_V1_1.R","PUBLIC_CORE_SCIENCE","Core R0-R4 scientific analysis retained for GitHub."
"36","C0305","SCIENCE_R3","code/stages/SCIENCE_R3/C0305__C0305__03E_R3_tie_order_robustness_validation_LOCAL_RUN.R","PUBLIC_CORE_SCIENCE","Core R0-R4 scientific analysis retained for GitHub."
"37","C0307","SCIENCE_R3","code/stages/SCIENCE_R3/C0307__C0307__03F_R3_program_analysis_terminal_freeze_LOCAL_RUN_V1_1.R","PUBLIC_CORE_SCIENCE","Core R0-R4 scientific analysis retained for GitHub."
"38","C0308","SCIENCE_R3","code/stages/SCIENCE_R3/C0308__C0308__04A_R3_localization_target_freeze_LOCAL_RUN.R","PUBLIC_CORE_SCIENCE","Core R0-R4 scientific analysis retained for GitHub."
"39","GATE9G_CANONICAL_STEP4B","SCIENCE_R3","code/stages/SCIENCE_R3/GATE9G_CANONICAL_STEP4B__27C_RV_PUBLIC_R3_STEP4B_CANONICAL_STRUCTURAL_PREFLIGHT_V1_1.R","PUBLIC_CORE_SCIENCE","Core R0-R4 scientific analysis retained for GitHub."
"40","C0317","SCIENCE_R3","code/stages/SCIENCE_R3/C0317__C0317__04C_R3_annotation_relationship_discovery_LOCAL_RUN_V1_1.R","PUBLIC_CORE_SCIENCE","Core R0-R4 scientific analysis retained for GitHub."
"41","C0319","SCIENCE_R3","code/stages/SCIENCE_R3/C0319__C0319__04C_R3_final_annotation_authority_adjudication_LOCAL_RUN_V1_2.R","PUBLIC_CORE_SCIENCE","Core R0-R4 scientific analysis retained for GitHub."
"42","C0320","SCIENCE_R3","code/stages/SCIENCE_R3/C0320__C0320__04D_R3_localization_analysis_contract_freeze_LOCAL_RUN.R","PUBLIC_CORE_SCIENCE","Core R0-R4 scientific analysis retained for GitHub."
"43","C0323","SCIENCE_R3","code/stages/SCIENCE_R3/C0323__C0323__04D_V1_3_R3_localization_deterministic_overlay_COMPLETENESS_REPAIR_LOCAL_RUN.R","PUBLIC_CORE_SCIENCE","Core R0-R4 scientific analysis retained for GitHub."
"44","C0328","SCIENCE_R3","code/stages/SCIENCE_R3/C0328__C0328__04E_R3_localization_runtime_design_feasibility_PREFLIGHT_LOCAL_RUN.R","PUBLIC_CORE_SCIENCE","Core R0-R4 scientific analysis retained for GitHub."
"45","C0329","SCIENCE_R3","code/stages/SCIENCE_R3/C0329__C0329__04F_PRE1_R3_snRNA_count_layer_semantics_adjudication_LOCAL_RUN.R","PUBLIC_CORE_SCIENCE","Core R0-R4 scientific analysis retained for GitHub."
"46","C0324","SCIENCE_R3","code/stages/SCIENCE_R3/C0324__C0324__04D_V1_4_R3_snRNA_source_semantics_overlay_FREEZE_LOCAL_RUN.R","PUBLIC_CORE_SCIENCE","Core R0-R4 scientific analysis retained for GitHub."
"47","C0331","SCIENCE_R3","code/stages/SCIENCE_R3/C0331__C0331__04F_V1_1_R3_deterministic_localization_execution_LOCAL_RUN.R","PUBLIC_CORE_SCIENCE","Core R0-R4 scientific analysis retained for GitHub."
"48","C0333","SCIENCE_R3","code/stages/SCIENCE_R3/C0333__C0333__05A_V1_1_RV_paper_facing_source_inventory_REGEX_REPAIR_LOCAL_RUN.R","INTERNAL_ONLY_PAPER_FIGURE_BRIDGE","Paper-facing materialization and final figure preparation excluded from public reproducibility requirement."
"49","C0336","SCIENCE_R3","code/stages/SCIENCE_R3/C0336__C0336__05B_V1_2_RV_claim_panel_authority_freeze_SCHEMA_RECOUNT_REPAIR_LOCAL_RUN.R","INTERNAL_ONLY_PAPER_FIGURE_BRIDGE","Paper-facing materialization and final figure preparation excluded from public reproducibility requirement."
"50","C0337","SCIENCE_R3","code/stages/SCIENCE_R3/C0337__C0337__05C_RV_paper_source_materialization_LOCAL_RUN.R","INTERNAL_ONLY_PAPER_FIGURE_BRIDGE","Paper-facing materialization and final figure preparation excluded from public reproducibility requirement."
"51","C0339","SCIENCE_R3","code/stages/SCIENCE_R3/C0339__C0339__05D_V1_5_RV_plotready_and_figure_drafts_CANONICAL_PRE_RUN_LOCAL_RUN.R","INTERNAL_ONLY_PAPER_FIGURE_BRIDGE","Paper-facing materialization and final figure preparation excluded from public reproducibility requirement."
"52","C0342","SCIENCE_R3","code/stages/SCIENCE_R3/C0342__C0342__05D_V1_8_RV_JOURNAL_FIGURE_PRESENTATION_ONLY_LOCAL_RUN.R","INTERNAL_ONLY_PAPER_FIGURE_BRIDGE","Paper-facing materialization and final figure preparation excluded from public reproducibility requirement."
"53","C0345","SCIENCE_R4","code/stages/SCIENCE_R4/C0345__C0345__06A_R4A_STEP0_V1_2_CTEPH_SEVERITY_PREFLIGHT_LOCAL_RUN.R","PUBLIC_CORE_SCIENCE","Core R0-R4 scientific analysis retained for GitHub."
"54","C0346","SCIENCE_R4","code/stages/SCIENCE_R4/C0346__C0346__06B_R4A_STEP1_CTEPH_SEVERITY_METHOD_CONTRACT_LOCAL_RUN.R","PUBLIC_CORE_SCIENCE","Core R0-R4 scientific analysis retained for GitHub."
"55","C0347","SCIENCE_R4","code/stages/SCIENCE_R4/C0347__C0347__06C_R4A_STEP2_CTEPH_SEVERITY_DETERMINISTIC_EXECUTION_LOCAL_RUN.R","PUBLIC_CORE_SCIENCE","Core R0-R4 scientific analysis retained for GitHub."
"56","C0348","SCIENCE_R4","code/stages/SCIENCE_R4/C0348__C0348__06D_R4A_STEP3_CTEPH_SEVERITY_POSTGEN_VALIDATION_AND_CLOSURE_LOCAL_RUN.R","PUBLIC_CORE_SCIENCE","Core R0-R4 scientific analysis retained for GitHub."
"57","C0349","SCIENCE_R4","code/stages/SCIENCE_R4/C0349__C0349__07A_R4B_STEP0_PEA_PATIENT_TRAJECTORY_PREFLIGHT_LOCAL_RUN.R","PUBLIC_CORE_SCIENCE","Core R0-R4 scientific analysis retained for GitHub."
"58","C0350","SCIENCE_R4","code/stages/SCIENCE_R4/C0350__C0350__07B_R4B_STEP1_PEA_PATIENT_TRAJECTORY_METHOD_CONTRACT_LOCAL_RUN.R","PUBLIC_CORE_SCIENCE","Core R0-R4 scientific analysis retained for GitHub."
"59","C0351","SCIENCE_R4","code/stages/SCIENCE_R4/C0351__C0351__07C_R4B_STEP2_PEA_PATIENT_TRAJECTORY_DETERMINISTIC_EXECUTION_LOCAL_RUN.R","PUBLIC_CORE_SCIENCE","Core R0-R4 scientific analysis retained for GitHub."
"60","C0352","SCIENCE_R4","code/stages/SCIENCE_R4/C0352__C0352__07D_R4B_STEP3_PEA_PATIENT_TRAJECTORY_POSTGEN_VALIDATION_AND_CLOSURE_LOCAL_RUN.R","PUBLIC_CORE_SCIENCE","Core R0-R4 scientific analysis retained for GitHub."
"61","C0355","SCIENCE_R4","code/stages/SCIENCE_R4/C0355__C0355__08A_R4C_STEP0_V1_2_R0_NF_PRV_RVF_PROGRESSION_PREFLIGHT_LOCAL_RUN.R","PUBLIC_CORE_SCIENCE","Core R0-R4 scientific analysis retained for GitHub."
"62","C0358","SCIENCE_R4","code/stages/SCIENCE_R4/C0358__C0358__08B_R4C_STEP1_V1_2_R0_NF_PRV_RVF_PROGRESSION_METHOD_CONTRACT_LOCAL_RUN.R","PUBLIC_CORE_SCIENCE","Core R0-R4 scientific analysis retained for GitHub."
"63","C0359","SCIENCE_R4","code/stages/SCIENCE_R4/C0359__C0359__08C_R4C_STEP2_R0_NF_PRV_RVF_PROGRESSION_DETERMINISTIC_EXECUTION_LOCAL_RUN.R","PUBLIC_CORE_SCIENCE","Core R0-R4 scientific analysis retained for GitHub."
"64","C0360","SCIENCE_R4","code/stages/SCIENCE_R4/C0360__C0360__08D_R4C_STEP3_R0_NF_PRV_RVF_PROGRESSION_POSTGEN_VALIDATION_AND_CLOSURE_LOCAL_RUN.R","PUBLIC_CORE_SCIENCE","Core R0-R4 scientific analysis retained for GitHub."
"65","C0178","MAIN_FIGURES","code/stages/MAIN_FIGURES/C0178__C0178__09A_V1_1_RV_FINAL_FIGURE_STEP0_SOURCE_DISCOVERY_REPAIR.ps1","INTERNAL_ONLY_FINAL_FIGURES","Final main/supplementary figure renderers internally validated but excluded from GitHub requirement."
"66","C0182","MAIN_FIGURES","code/stages/MAIN_FIGURES/C0182__C0182__09B_V1_3_RV_FINAL_FIGURE_STEP1_EXACT_SOURCE_AND_SCHEMA_BINDING_AUTHORITY_REPAIR_LOCAL_RUN.R","INTERNAL_ONLY_FINAL_FIGURES","Final main/supplementary figure renderers internally validated but excluded from GitHub requirement."
"67","C0190","MAIN_FIGURES","code/stages/MAIN_FIGURES/C0190__C0190__09C_V0_8_RV_FINAL_FIGURE1_PRESENTATION_ONLY_FIG1A_STRUCTURAL_BOX_LAYOUT_REPAIR_LOCAL_RUN.R","INTERNAL_ONLY_FINAL_FIGURES","Final main/supplementary figure renderers internally validated but excluded from GitHub requirement."
"68","C0194","MAIN_FIGURES","code/stages/MAIN_FIGURES/C0194__C0194__09D_V0_4_RV_FINAL_FIGURE2_PRESENTATION_ONLY_BC_PROPORTION_REPAIR_LOCAL_RUN.R","INTERNAL_ONLY_FINAL_FIGURES","Final main/supplementary figure renderers internally validated but excluded from GitHub requirement."
"69","C0200","MAIN_FIGURES","code/stages/MAIN_FIGURES/C0200__C0200__09E_V0_5_RV_FINAL_FIGURE3_COMPOSITE_SPECIFIC_SCALE_REPAIR_LOCAL_RUN.R","INTERNAL_ONLY_FINAL_FIGURES","Final main/supplementary figure renderers internally validated but excluded from GitHub requirement."
"70","C0202","MAIN_FIGURES","code/stages/MAIN_FIGURES/C0202__C0202__09F_RV_FINAL_FIGURE4_V0_2_PRESENTATION_ONLY_DE_LAYOUT_REPAIR_LOCAL_RUN.R","INTERNAL_ONLY_FINAL_FIGURES","Final main/supplementary figure renderers internally validated but excluded from GitHub requirement."
"71","C0207","MAIN_FIGURES","code/stages/MAIN_FIGURES/C0207__C0207__09G_RV_FINAL_FIGURE5_V0_5_PRESENTATION_ONLY_SCHEME_A_CAPTION_ALIGNMENT_REPAIR_LOCAL_RUN.R","INTERNAL_ONLY_FINAL_FIGURES","Final main/supplementary figure renderers internally validated but excluded from GitHub requirement."
"72","C0224","SUPPLEMENTARY_FIGURES","code/stages/SUPPLEMENTARY_FIGURES/C0224__C0224__10M_RV_SUPP_FIGURE_S1_V0_3_PRESENTATION_ONLY_B_LABEL_TITLE_SPACING_REPAIR_LOCAL_RUN.R","INTERNAL_ONLY_FINAL_FIGURES","Final main/supplementary figure renderers internally validated but excluded from GitHub requirement."
"73","C0209","SUPPLEMENTARY_FIGURES","code/stages/SUPPLEMENTARY_FIGURES/C0209__C0209__10B_RV_SUPP_FIGURE_S2_V0_2_1_TECHNICAL_GUARD_AND_DETERMINISTIC_JITTER_REPAIR_LOCAL_RUN.R","INTERNAL_ONLY_FINAL_FIGURES","Final main/supplementary figure renderers internally validated but excluded from GitHub requirement."
"74","C0213","SUPPLEMENTARY_FIGURES","code/stages/SUPPLEMENTARY_FIGURES/C0213__C0213__10D_RV_SUPP_FIGURE_S3_V0_2_PRESENTATION_ONLY_B_COMPOSITE_AXIS_REPAIR_LOCAL_RUN.R","INTERNAL_ONLY_FINAL_FIGURES","Final main/supplementary figure renderers internally validated but excluded from GitHub requirement."
"75","C0215","SUPPLEMENTARY_FIGURES","code/stages/SUPPLEMENTARY_FIGURES/C0215__C0215__10F_RV_SUPP_FIGURE_S4_V0_2_PRESENTATION_ONLY_BCD_REPAIR_LOCAL_RUN.R","INTERNAL_ONLY_FINAL_FIGURES","Final main/supplementary figure renderers internally validated but excluded from GitHub requirement."
"76","C0217","SUPPLEMENTARY_FIGURES","code/stages/SUPPLEMENTARY_FIGURES/C0217__C0217__10G_RV_SUPP_FIGURE_S5_V0_2_PRESENTATION_ONLY_COMPOSITE_AND_CONTEXTUAL_REPAIR_LOCAL_RUN.R","INTERNAL_ONLY_FINAL_FIGURES","Final main/supplementary figure renderers internally validated but excluded from GitHub requirement."
"77","C0220","SUPPLEMENTARY_FIGURES","code/stages/SUPPLEMENTARY_FIGURES/C0220__C0220__10J_RV_SUPP_FIGURE_S6_V0_3_PRESENTATION_ONLY_B_LEGEND_REPAIR_LOCAL_RUN.R","INTERNAL_ONLY_FINAL_FIGURES","Final main/supplementary figure renderers internally validated but excluded from GitHub requirement."
"78","C0226","PAPER_ASSEMBLY","code/stages/PAPER_ASSEMBLY/C0226__C0226__11A_RV_FINAL_SUBMISSION_GATE0_V1_1_FAST_METADATA_PREFLIGHT_LOCAL_RUN.R","INTERNAL_ONLY_MANUSCRIPT_SUBMISSION","Manuscript/submission assembly internally validated but excluded from GitHub requirement."
"79","C0227","PAPER_ASSEMBLY","code/stages/PAPER_ASSEMBLY/C0227__C0227__11B_RV_FINAL_SUBMISSION_GATE1_CANONICAL_FIGURE_FREEZE_AND_LEGEND_BINDING_LOCAL_RUN.R","INTERNAL_ONLY_MANUSCRIPT_SUBMISSION","Manuscript/submission assembly internally validated but excluded from GitHub requirement."
"80","C0229","PAPER_ASSEMBLY","code/stages/PAPER_ASSEMBLY/C0229__C0229__11C_RV_FINAL_SUBMISSION_GATE2_V1_1_FIGURE_LEGEND_FREEZE_REPAIR_LOCAL_RUN.R","INTERNAL_ONLY_MANUSCRIPT_SUBMISSION","Manuscript/submission assembly internally validated but excluded from GitHub requirement."
"81","C0230","PAPER_ASSEMBLY","code/stages/PAPER_ASSEMBLY/C0230__C0230__11D_RV_FINAL_SUBMISSION_GATE3A_MANUSCRIPT_SOURCE_PREFLIGHT_LOCAL_RUN.R","INTERNAL_ONLY_MANUSCRIPT_SUBMISSION","Manuscript/submission assembly internally validated but excluded from GitHub requirement."
"82","C0232","PAPER_ASSEMBLY","code/stages/PAPER_ASSEMBLY/C0232__C0232__11E_RV_FINAL_SUBMISSION_GATE3B_V0_2_S2_SEMANTIC_BINDING_REPAIR_LOCAL_RUN.R","INTERNAL_ONLY_MANUSCRIPT_SUBMISSION","Manuscript/submission assembly internally validated but excluded from GitHub requirement."
"83","C0234","PAPER_ASSEMBLY","code/stages/PAPER_ASSEMBLY/C0234__C0234__11F_RV_FINAL_SUBMISSION_GATE3C_V1_1_GROUPED_CITATION_GUARD_REPAIR_LOCAL_RUN.R","INTERNAL_ONLY_MANUSCRIPT_SUBMISSION","Manuscript/submission assembly internally validated but excluded from GitHub requirement."
"84","C0235","PAPER_ASSEMBLY","code/stages/PAPER_ASSEMBLY/C0235__C0235__12A_RV_FINAL_SUBMISSION_GATE4_LITERATURE_REFERENCE_AUTHORITY_LOCAL_RUN.R","INTERNAL_ONLY_MANUSCRIPT_SUBMISSION","Manuscript/submission assembly internally validated but excluded from GitHub requirement."
"85","C0236","PAPER_ASSEMBLY","code/stages/PAPER_ASSEMBLY/C0236__C0236__12B_RV_FINAL_SUBMISSION_GATE4_V1_1_FROZEN_BOUNDARY_GUARD_REPAIR_LOCAL_RUN.R","INTERNAL_ONLY_MANUSCRIPT_SUBMISSION","Manuscript/submission assembly internally validated but excluded from GitHub requirement."
"86","C0237","PAPER_ASSEMBLY","code/stages/PAPER_ASSEMBLY/C0237__C0237__12B_RV_FINAL_SUBMISSION_GATE5_INTRODUCTION_DISCUSSION_DRAFT_LOCAL_RUN.R","INTERNAL_ONLY_MANUSCRIPT_SUBMISSION","Manuscript/submission assembly internally validated but excluded from GitHub requirement."
"87","C0240","PAPER_ASSEMBLY","code/stages/PAPER_ASSEMBLY/C0240__C0240__13C_RV_FINAL_SUBMISSION_GATE5A_V1_5_WINDOWS_PACKAGING_REPAIR_LOCAL_RUN.R","INTERNAL_ONLY_MANUSCRIPT_SUBMISSION","Manuscript/submission assembly internally validated but excluded from GitHub requirement."
"88","C0243","PAPER_ASSEMBLY","code/stages/PAPER_ASSEMBLY/C0243__C0243__14C_RV_FINAL_SUBMISSION_GATE5B_V1_2_HIGH_IMPACT_REVISION_AUDIT_LOCAL_RUN.R","INTERNAL_ONLY_MANUSCRIPT_SUBMISSION","Manuscript/submission assembly internally validated but excluded from GitHub requirement."
"89","C0244","PAPER_ASSEMBLY","code/stages/PAPER_ASSEMBLY/C0244__C0244__15A_RV_FINAL_SUBMISSION_GATE6A_FULL_MANUSCRIPT_ASSEMBLY_LOCAL_RUN.R","INTERNAL_ONLY_MANUSCRIPT_SUBMISSION","Manuscript/submission assembly internally validated but excluded from GitHub requirement."
"90","C0246","PAPER_ASSEMBLY","code/stages/PAPER_ASSEMBLY/C0246__C0246__16B_RV_FINAL_SUBMISSION_GATE6B_V1_1_HIGH_IMPACT_TITLE_ABSTRACT_LOCAL_RUN.R","INTERNAL_ONLY_MANUSCRIPT_SUBMISSION","Manuscript/submission assembly internally validated but excluded from GitHub requirement."
"91","C0247","PAPER_ASSEMBLY","code/stages/PAPER_ASSEMBLY/C0247__C0247__17A_RV_FINAL_SUBMISSION_GATE7A_SUPPLEMENTARY_TABLE_SOURCE_INVENTORY_LOCAL_RUN.R","INTERNAL_ONLY_MANUSCRIPT_SUBMISSION","Manuscript/submission assembly internally validated but excluded from GitHub requirement."
"92","C0249","PAPER_ASSEMBLY","code/stages/PAPER_ASSEMBLY/C0249__C0249__18B_RV_FINAL_SUBMISSION_GATE7B_V1_1_SEVERITY_GUARD_REPAIR_LOCAL_RUN.R","INTERNAL_ONLY_MANUSCRIPT_SUBMISSION","Manuscript/submission assembly internally validated but excluded from GitHub requirement."
"93","C0251","PAPER_ASSEMBLY","code/stages/PAPER_ASSEMBLY/C0251__C0251__19B_RV_FINAL_SUBMISSION_GATE7C_V1_1_GATE7B_STATUS_SHA_REPAIR_LOCAL_RUN.R","INTERNAL_ONLY_MANUSCRIPT_SUBMISSION","Manuscript/submission assembly internally validated but excluded from GitHub requirement."
"94","C0253","PAPER_ASSEMBLY","code/stages/PAPER_ASSEMBLY/C0253__C0253__20B_RV_FINAL_SUBMISSION_GATE8A_V1_1_DATASET_SCHEMA_REPAIR_LOCAL_RUN.R","INTERNAL_ONLY_MANUSCRIPT_SUBMISSION","Manuscript/submission assembly internally validated but excluded from GitHub requirement."
